"""ds"",""y""";;;
05/01/20,0;;;
12/01/20,0;;;
19/01/20,0;;;
26/01/20,0;;;
02/02/20,0;;;
09/02/20,0;;;
16/02/20,0;;;
23/02/20,0;;;
01/03/20,0;;;
08/03/20,0;;;
15/03/20,1;;;
22/03/20,11;;;
29/03/20,65;;;
05/04/20,-27;;;
12/04/20,87;;;
19/04/20,98;;;
26/04/20,195;;;
03/05/20,214;;;
10/05/20,256;;;
17/05/20,743;;;
24/05/20,1100;;;
31/05/20,1864;;;
07/06/20,1878;;;
14/06/20,2497;;;
21/06/20,3527;;;
28/06/20,3319;;;
05/07/20,5465;;;
12/07/20,6326;;;
19/07/20,6190;;;
26/07/20,10683;;;
02/08/20,6487;;;
09/08/20,5210;;;
16/08/20,6124;;;
23/08/20,5543;;;
30/08/20,5823;;;
06/09/20,3802;;;
13/09/20,4177;;;
20/09/20,3494;;;
27/09/20,4550;;;
04/10/20,4046;;;
11/10/20,3796;;;
18/10/20,3484;;;
25/10/20,3604;;;
01/11/20,3307;;;
08/11/20,3111;;;
15/11/20,3669;;;
22/11/20,3698;;;
29/11/20,3381;;;
06/12/20,3554;;;
13/12/20,3747;;;
20/12/20,3496;;;
27/12/20,2576;;;
03/01/21,3145;;;
10/01/21,4811;;;
17/01/21,5471;;;
24/01/21,5292;;;
31/01/21,5228;;;
07/02/21,3819;;;
14/02/21,4134;;;
21/02/21,3860;;;
28/02/21,3404;;;
07/03/21,4002;;;
14/03/21,4342;;;
21/03/21,4980;;;
28/03/21,5391;;;
04/04/21,2189;;;
11/04/21,7401;;;
18/04/21,9667;;;
25/04/21,9000;;;
02/05/21,7170;;;
09/05/21,6406;;;
16/05/21,6234;;;
23/05/21,5989;;;
30/05/21,6731;;;
06/06/21,7555;;;
13/06/21,9739;;;
20/06/21,8816;;;
27/06/21,10905;;;
04/07/21,10337;;;
11/07/21,16122;;;
18/07/21,15815;;;
25/07/21,17690;;;
01/08/21,17668;;;
08/08/21,21026;;;
15/08/21,22221;;;
22/08/21,26188;;;
29/08/21,25834;;;
05/09/21,23066;;;
12/09/21,22835;;;
19/09/21,19768;;;
26/09/21,19182;;;
03/10/21,16962;;;
10/10/21,13243;;;
17/10/21,8878;;;
24/10/21,5772;;;
31/10/21,7943;;;
07/11/21,4013;;;
14/11/21,3721;;;
21/11/21,4577;;;
28/11/21,3782;;;
05/12/21,1545;;;
12/12/21,2804;;;
19/12/21,1605;;;
26/12/21,1580;;;
02/01/22,3330;;;
09/01/22,7254;;;
16/01/22,13334;;;
23/01/22,17070;;;
30/01/22,19525;;;
06/02/22,20072;;;
13/02/22,24363;;;
20/02/22,23304;;;
27/02/22,20294;;;
06/03/22,15779;;;
13/03/22,13390;;;
20/03/22,11367;;;
27/03/22,9034;;;
03/04/22,6736;;;
10/04/22,4600;;;
17/04/22,2896;;;
24/04/22,3964;;;
01/05/22,4527;;;
08/05/22,2939;;;
15/05/22,3070;;;
22/05/22,3925;;;
29/05/22,3509;;;
05/06/22,4284;;;
12/06/22,6050;;;
19/06/22,8756;;;
26/06/22,14670;;;
03/07/22,22250;;;
10/07/22,23979;;;
17/07/22,38239;;;
24/07/22,26772;;;
31/07/22,33440;;;
07/08/22,16376;;;
14/08/22,16199;;;
21/08/22,14792;;;
28/08/22,11412;;;
04/09/22,8006;;;
11/09/22,6437;;;
18/09/22,3830;;;
25/09/22,4474;;;
02/10/22,5190;;;
09/10/22,4248;;;
16/10/22,3977;;;
23/10/22,2998;;;
30/10/22,4155;;;
06/11/22,2093;;;
13/11/22,2833;;;
20/11/22,2928;;;
27/11/22,5099;;;
04/12/22,5700;;;
11/12/22,10137;;;
18/12/22,13657;;;
25/12/22,13352;;;
01/01/23,7736;;;
08/01/23,4534;;;
15/01/23,9525;;;
22/01/23,4570;;;
29/01/23,4520;;;
05/02/23,2644;;;
12/02/23,2334;;;
19/02/23,2072;;;
26/02/23,1868;;;
05/03/23,1888;;;
12/03/23,1254;;;
19/03/23,1791;;;
26/03/23,1882;;;
02/04/23,2550;;;
09/04/23,0;;;
16/04/23,1918;;;
23/04/23,691;;;
30/04/23,750;;;
07/05/23,652;;;
14/05/23,1445;;;
21/05/23,2;;;
28/05/23,2;;;
04/06/23,2;;;
11/06/23,3;;;
18/06/23,1;;;
25/06/23,0;;;
02/07/23,2;;;
09/07/23,2;;;
16/07/23,3;;;
23/07/23,3;;;
30/07/23,2;;;
06/08/23,3;;;
13/08/23,1;;;
20/08/23,4;;;
27/08/23,1;;;
03/09/23,2;;;
10/09/23,1;;;
17/09/23,0;;;
24/09/23,1;;;
01/10/23,0;;;
08/10/23,0;;;
15/10/23,0;;;
22/10/23,0;;;
29/10/23,0;;;
05/11/23,0;;;
12/11/23,1;;;
19/11/23,0;;;
26/11/23,0;;;
03/12/23,2;;;
10/12/23,0;;;
17/12/23,0;;;
24/12/23,0;;;
31/12/23,1;;;
07/01/24,1;;;
14/01/24,2;;;
21/01/24,6;;;
28/01/24,5;;;
04/02/24,1;;;
11/02/24,2;;;
18/02/24,6;;;
25/02/24,5;;;
03/03/24,1;;;
10/03/24,0;;;
17/03/24,6;;;
24/03/24,2;;;
31/03/24,3;;;
07/04/24,1;;;
14/04/24,3;;;
21/04/24,4;;;
28/04/24,1;;;
05/05/24,0;;;
12/05/24,2;;;
19/05/24,0;;;
20/05/24,;;;
21/05/24,;;;
22/05/24,;;;
23/05/24,;;;
24/05/24,;;;
25/05/24,;;;
26/05/24,;;;
27/05/24,;;;
28/05/24,;;;
29/05/24,;;;
30/05/24,;;;
31/05/24,;;;
01/06/24,;;;
02/06/24,;;;
03/06/24,;;;
04/06/24,;;;
05/06/24,;;;
06/06/24,;;;
07/06/24,;;;
08/06/24,;;;
09/06/24,;;;
10/06/24,;;;
11/06/24,;;;
12/06/24,;;;
13/06/24,;;;
14/06/24,;;;
15/06/24,;;;
16/06/24,;;;
17/06/24,;;;
18/06/24,;;;
19/06/24,;;;
20/06/24,;;;
21/06/24,;;;
22/06/24,;;;
23/06/24,;;;
24/06/24,;;;
25/06/24,;;;
26/06/24,;;;
27/06/24,;;;
28/06/24,;;;
29/06/24,;;;
30/06/24,;;;
01/07/24,;;;
02/07/24,;;;
03/07/24,;;;
04/07/24,;;;
05/07/24,;;;
06/07/24,;;;
07/07/24,;;;
08/07/24,;;;
09/07/24,;;;
10/07/24,;;;
11/07/24,;;;
12/07/24,;;;
13/07/24,;;;
14/07/24,;;;
15/07/24,;;;
16/07/24,;;;
17/07/24,;;;
18/07/24,;;;
19/07/24,;;;
20/07/24,;;;
21/07/24,;;;
22/07/24,;;;
23/07/24,;;;
24/07/24,;;;
25/07/24,;;;
26/07/24,;;;
27/07/24,;;;
28/07/24,;;;
29/07/24,;;;
30/07/24,;;;
31/07/24,;;;
01/08/24,;;;
02/08/24,;;;
03/08/24,;;;
04/08/24,;;;
05/08/24,;;;
06/08/24,;;;
07/08/24,;;;
08/08/24,;;;
09/08/24,;;;
10/08/24,;;;
11/08/24,;;;
12/08/24,;;;
13/08/24,;;;
14/08/24,;;;
15/08/24,;;;
16/08/24,;;;
17/08/24,;;;
18/08/24,;;;
19/08/24,;;;
20/08/24,;;;
21/08/24,;;;
22/08/24,;;;
23/08/24,;;;
24/08/24,;;;
25/08/24,;;;
26/08/24,;;;
27/08/24,;;;
28/08/24,;;;
29/08/24,;;;
30/08/24,;;;
31/08/24,;;;
01/09/24,;;;
02/09/24,;;;
03/09/24,;;;
04/09/24,;;;
05/09/24,;;;
06/09/24,;;;
07/09/24,;;;
08/09/24,;;;
09/09/24,;;;
10/09/24,;;;
11/09/24,;;;
12/09/24,;;;
13/09/24,;;;
14/09/24,;;;
15/09/24,;;;
16/09/24,;;;
17/09/24,;;;
18/09/24,;;;
19/09/24,;;;
20/09/24,;;;
21/09/24,;;;
22/09/24,;;;
23/09/24,;;;
24/09/24,;;;
25/09/24,;;;
26/09/24,;;;
27/09/24,;;;
28/09/24,;;;
29/09/24,;;;
30/09/24,;;;
01/10/24,;;;
02/10/24,;;;
03/10/24,;;;
04/10/24,;;;
05/10/24,;;;
06/10/24,;;;
07/10/24,;;;
08/10/24,;;;
09/10/24,;;;
10/10/24,;;;
11/10/24,;;;
12/10/24,;;;
13/10/24,;;;
14/10/24,;;;
15/10/24,;;;
16/10/24,;;;
17/10/24,;;;
18/10/24,;;;
19/10/24,;;;
20/10/24,;;;
21/10/24,;;;
22/10/24,;;;
23/10/24,;;;
24/10/24,;;;
25/10/24,;;;
26/10/24,;;;
27/10/24,;;;
28/10/24,;;;
29/10/24,;;;
30/10/24,;;;
31/10/24,;;;
01/11/24,;;;
02/11/24,;;;
03/11/24,;;;
04/11/24,;;;
05/11/24,;;;
06/11/24,;;;
07/11/24,;;;
08/11/24,;;;
09/11/24,;;;
10/11/24,;;;
11/11/24,;;;
12/11/24,;;;
13/11/24,;;;
14/11/24,;;;
15/11/24,;;;
16/11/24,;;;
17/11/24,;;;
18/11/24,;;;
19/11/24,;;;
20/11/24,;;;
21/11/24,;;;
22/11/24,;;;
23/11/24,;;;
24/11/24,;;;
25/11/24,;;;
26/11/24,;;;
27/11/24,;;;
28/11/24,;;;
29/11/24,;;;
30/11/24,;;;
01/12/24,;;;
02/12/24,;;;
03/12/24,;;;
04/12/24,;;;
05/12/24,;;;
06/12/24,;;;
07/12/24,;;;
08/12/24,;;;
09/12/24,;;;
10/12/24,;;;
11/12/24,;;;
12/12/24,;;;
13/12/24,;;;
14/12/24,;;;
15/12/24,;;;
16/12/24,;;;
17/12/24,;;;
18/12/24,;;;
19/12/24,;;;
20/12/24,;;;
21/12/24,;;;
22/12/24,;;;
23/12/24,;;;
24/12/24,;;;
25/12/24,;;;
26/12/24,;;;
27/12/24,;;;
28/12/24,;;;
29/12/24,;;;
30/12/24,;;;
31/12/24,;;;
01/01/25,;;;
